<?xml version="1.0" encoding="UTF-8"?>
<project-private xmlns="http://www.netbeans.org/ns/project-private/1">
    <editor-bookmarks xmlns="http://www.netbeans.org/ns/editor-bookmarks/2" lastBookmarkId="0"/>
    <open-files xmlns="http://www.netbeans.org/ns/projectui-open-files/2">
        <group>
            <file>file:/C:/Users/Leigh%20Wright/Documents/NetBeansProjects/GraphDemo/src/graphdemo/Graph.java</file>
            <file>file:/C:/Users/Leigh%20Wright/Documents/NetBeansProjects/GraphDemo/src/graphdemo/City.java</file>
            <file>file:/C:/Users/Leigh%20Wright/Documents/NetBeansProjects/GraphDemo/src/graphdemo/GraphDemo.java</file>
            <file>file:/C:/Users/Leigh%20Wright/Documents/NetBeansProjects/GraphDemo/src/graphdemo/GraphAPI.java</file>
        </group>
    </open-files>
</project-private>
