<?xml version="1.0" encoding="UTF-8"?>
<project-private xmlns="http://www.netbeans.org/ns/project-private/1">
    <editor-bookmarks xmlns="http://www.netbeans.org/ns/editor-bookmarks/2" lastBookmarkId="0"/>
    <open-files xmlns="http://www.netbeans.org/ns/projectui-open-files/2">
        <group>
            <file>file:/C:/Users/Leigh%20Wright/Documents/NetBeansProjects/DatesHeapifier/src/datesheapifier/DateAPI.java</file>
            <file>file:/C:/Users/Leigh%20Wright/Documents/NetBeansProjects/DatesHeapifier/src/datesheapifier/DatesHeapifier.java</file>
            <file>file:/C:/Users/Leigh%20Wright/Documents/NetBeansProjects/DatesHeapifier/src/datesheapifier/Heap.java</file>
            <file>file:/C:/Users/Leigh%20Wright/Documents/NetBeansProjects/DatesHeapifier/src/datesheapifier/Date.java</file>
            <file>file:/C:/Users/Leigh%20Wright/Documents/NetBeansProjects/DatesHeapifier/src/datesheapifier/HeapAPI.java</file>
        </group>
    </open-files>
</project-private>
